Latitude,Longitude,NestID
-33.958193,18.461253,ACJ
-33.958394,18.461228,ACJ2
-33.958173,18.461264,ACJ3
-33.957639,18.460869,BART
-33.957643,18.460915,BART2
-33.959095,18.460957,BT
-33.95903,18.46106,BT2
-33.956848,18.460685,CAF1
-33.957035,18.460674,CAF2
-33.956788,18.46048,CAF3
-33.95777,18.459504,CENG
-33.955361,18.460883,Chem
-33.955546,18.461156,CHI
-33.95692,18.4615,CSCI1
-33.95717,18.4615,CSCI2
-33.957104,18.460942,CSCI3
-33.956925,18.461247,CSCI4
-33.957427,18.460121,EGS
-33.958679,18.459294,EMALL
-33.95897,18.45914,EMALL3
-33.958917,18.45919,EMALL4
-33.95914,18.45928,EMALL6
-33.95655,18.461068,FITZ
-33.956556,18.461115,FITZ2
-33.958394,18.461702,Full
-33.95902,18.460737,Geo
-33.956246,18.461604,HWP1
-33.956308,18.461653,HWP2
-33.95750849,18.46084224,JAG1
-33.957956,18.460899,JAG2
-33.957967,18.46096,JAG3
-33.957951,18.460775,JAG4
-33.957881,18.46074,JAG5
-33.95778,18.460758,JAM2
-33.959714,18.459432,KAPLAN
-33.959868,18.459364,KAPLAN2
-33.959344,18.45989,LCOM1
-33.959389,18.459826,LCOM2
-33.958394,18.460311,LIB2
-33.95792,18.46033,LIB3
-33.957914,18.460449,LIB4
-33.957496,18.460213,LIB5
-33.959498,18.460231,LSOC
-33.95942,18.46056,LSOC3
-33.95967,18.46069,LSOC4
-33.959717,18.460103,LSOC5
-33.959677,18.460008,LSOC6
-33.957353,18.461476,MAM
-33.957324,18.461757,MAM2
-33.955361,18.460883,MCB2
-33.95516401,18.46078601,MCB4
-33.955031,18.461184,MCB6
-33.955176,18.460938,MCB7
-33.958579,18.460874,MECH
-33.958579,18.460874,MECH4
-33.958506,18.460891,MECH5
-33.958602,18.4605,MECH6
-33.958495,18.460032,MENZ1
-33.958675,18.460244,MENZ2
-33.95813,18.460264,MENZ3
-33.957391,18.461094,MOL
-33.957441,18.461088,MOL3
-33.957386,18.460978,MOL4
-33.959826,18.45979,NEV1
-33.96019,18.459971,NEV2
-33.959891,18.460032,NEV4
-33.960144,18.459812,NEV5
-33.956041,18.460714,PHD2
-33.95589,18.46028,PHD3
-33.95522,18.46014,PHD4
-33.956028,18.460386,PHD5
-33.95631,18.46081,PHD6
-33.95625,18.46078,PHD7
-33.95639,18.4605,PDH9
-33.95634,18.4605,PDH9
-33.9555578,18.460466,PSY
-33.955969,18.4616867,RWJ
-33.959067,18.459541,SNAPE1
-33.958597,18.459671,SNAPE2
-33.958863,18.459373,SNAPE4
-33.95889,18.45936,SNAPE5
-33.95875,18.45914,SNAPE6
-33.9595,18.4595,SNAPE7
-33.958496,18.460033,SNAPE8
-33.956015,18.463377,SPORT1
-33.95571,18.462874,SPORT2
-33.95647,18.46011,STATS
-33.95708,18.46186,WALL2
-33.956288,18.461136,ZOO
